https://www.etsy.com/il-en/listing/550192628/snake-pillow-bed-bumper-pillow-toddler?ga_order=most_relevant&ga_search_type=all&ga_view_type=gallery&ga_search_query=crib+buffer+snake&ref=sr_gallery-1-1&organic_search_click=1&col=1,₪,52.58,₪,63.09
https://www.etsy.com/il-en/listing/798650139/braided-crib-bumper-crib-snake?ga_order=most_relevant&ga_search_type=all&ga_view_type=gallery&ga_search_query=crib+buffer+snake&ref=sr_gallery-1-2&organic_search_click=1&pro=1&frs=1&col=1,,,,
https://www.etsy.com/il-en/listing/679834154/any-length-toddler-twin-queen-bed-bumper?ga_order=most_relevant&ga_search_type=all&ga_view_type=gallery&ga_search_query=crib+buffer+snake&ref=sr_gallery-1-3&organic_search_click=1,₪,52.58,₪,63.09
https://www.etsy.com/il-en/listing/548178504/snake-pillow-bed-bumper-pillow-toddler?ga_order=most_relevant&ga_search_type=all&ga_view_type=gallery&ga_search_query=crib+buffer+snake&ref=sr_gallery-1-4&organic_search_click=1&col=1,₪,52.58,₪,63.09
https://www.etsy.com/il-en/listing/684236623/bed-bumper-toddler-bed-baby-bed-crib?ga_order=most_relevant&ga_search_type=all&ga_view_type=gallery&ga_search_query=crib+buffer+snake&ref=sr_gallery-1-5&organic_search_click=1,₪,53.00,₪,63.09
https://www.etsy.com/il-en/listing/629520173/kookoolon-organic-cotton-bumper-snake?ga_order=most_relevant&ga_search_type=all&ga_view_type=gallery&ga_search_query=crib+buffer+snake&ref=sr_gallery-1-6&organic_search_click=1&frs=1&col=1,₪,199.00,,
https://www.etsy.com/il-en/listing/782306250/braided-bedsnake?ga_order=most_relevant&ga_search_type=all&ga_view_type=gallery&ga_search_query=crib+buffer+snake&ref=sr_gallery-1-7&organic_search_click=1&col=1,₪,112.31,₪,66.56
https://www.etsy.com/il-en/listing/789324320/braided-crib-bumper-baby-bed-bumper?ga_order=most_relevant&ga_search_type=all&ga_view_type=gallery&ga_search_query=crib+buffer+snake&ref=sr_gallery-1-8&organic_search_click=1,₪,214.00,₪,238.35
https://www.etsy.com/il-en/listing/590958759/single-floor-bed-bumper-twin-size?ga_order=most_relevant&ga_search_type=all&ga_view_type=gallery&ga_search_query=crib+buffer+snake&ref=sr_gallery-1-9&organic_search_click=1,₪,52.58,₪,63.09
https://www.etsy.com/il-en/listing/721942354/waffle-bumpers-toddler-twin-queen-size?ga_order=most_relevant&ga_search_type=all&ga_view_type=gallery&ga_search_query=crib+buffer+snake&ref=sr_gallery-1-10&organic_search_click=1&col=1,₪,84.12,₪,63.09
https://www.etsy.com/il-en/listing/575463838/shibby-chic-roses-bed-bumper-pillow-for?ga_order=most_relevant&ga_search_type=all&ga_view_type=gallery&ga_search_query=crib+buffer+snake&ref=sr_gallery-1-11&organic_search_click=1,₪,52.58,₪,63.09
https://www.etsy.com/il-en/listing/702496897/bed-bumpers-custom-order-bed-bumpers?ga_order=most_relevant&ga_search_type=all&ga_view_type=gallery&ga_search_query=crib+buffer+snake&ref=sr_gallery-1-12&organic_search_click=1&bes=1,₪,52.58,₪,91.13
https://www.etsy.com/il-en/listing/610631249/any-size-peonies-pattern-bolsters?ga_order=most_relevant&ga_search_type=all&ga_view_type=gallery&ga_search_query=crib+buffer+snake&ref=sr_gallery-1-13&organic_search_click=1,₪,59.59,₪,63.09
https://www.etsy.com/il-en/listing/766336399/bedsnake-birds-wafflelpique-ocker?ga_order=most_relevant&ga_search_type=all&ga_view_type=gallery&ga_search_query=crib+buffer+snake&ref=sr_gallery-1-14&organic_search_click=1&cns=1,₪,160.98,₪,66.56
https://www.etsy.com/il-en/listing/849089515/bed-snake-forest-animals-beige?ga_order=most_relevant&ga_search_type=all&ga_view_type=gallery&ga_search_query=crib+buffer+snake&ref=sr_gallery-1-15&organic_search_click=1&cns=1,₪,160.98,₪,66.56
https://www.etsy.com/il-en/listing/714252222/set-of-4-bolster-pillows-for-the-twin?ga_order=most_relevant&ga_search_type=all&ga_view_type=gallery&ga_search_query=crib+buffer+snake&ref=sr_gallery-1-16&organic_search_click=1&frs=1&col=1,₪,560.81,,
https://www.etsy.com/il-en/listing/556193592/snake-pillow-bed-bumper-pillow-toddler?ga_order=most_relevant&ga_search_type=all&ga_view_type=gallery&ga_search_query=crib+buffer+snake&ref=sr_gallery-1-17&organic_search_click=1&col=1,₪,52.58,₪,63.09
https://www.etsy.com/il-en/listing/652373833/baby-bed-bumper-crib-cot-nursing-pillow?ga_order=most_relevant&ga_search_type=all&ga_view_type=gallery&ga_search_query=crib+buffer+snake&ref=sr_gallery-1-18&organic_search_click=1&col=1,₪,52.58,₪,63.09
https://www.etsy.com/il-en/listing/779358401/braided-crib-bumper-pads-pillow-baby-bed?ga_order=most_relevant&ga_search_type=all&ga_view_type=gallery&ga_search_query=crib+buffer+snake&ref=sr_gallery-1-19&organic_search_click=1,₪,190.00,₪,238.35
https://www.etsy.com/il-en/listing/559696371/custom-order-bed-bumper-pillow-for-crib?ga_order=most_relevant&ga_search_type=all&ga_view_type=gallery&ga_search_query=crib+buffer+snake&ref=sr_gallery-1-20&organic_search_click=1,₪,31.55,₪,63.09
https://www.etsy.com/il-en/listing/685283448/golden-bumpers-toddler-twin-queen-size?ga_order=most_relevant&ga_search_type=all&ga_view_type=gallery&ga_search_query=crib+buffer+snake&ref=sr_gallery-1-21&organic_search_click=1&col=1,₪,77.11,₪,63.09
https://www.etsy.com/il-en/listing/785295023/braided-crib-bumper-mixed-colors-baby?ga_order=most_relevant&ga_search_type=all&ga_view_type=gallery&ga_search_query=crib+buffer+snake&ref=sr_gallery-1-22&organic_search_click=1&pro=1&frs=1,,,,
https://www.etsy.com/il-en/listing/776944720/braided-bedsnake?ga_order=most_relevant&ga_search_type=all&ga_view_type=gallery&ga_search_query=crib+buffer+snake&ref=sr_gallery-1-23&organic_search_click=1&col=1,₪,112.31,₪,66.56
https://www.etsy.com/il-en/listing/863497915/any-size-bumper-with-pom-poms-for?ga_order=most_relevant&ga_search_type=all&ga_view_type=gallery&ga_search_query=crib+buffer+snake&ref=sr_gallery-1-24&organic_search_click=1,₪,59.59,₪,63.09
https://www.etsy.com/il-en/listing/630129272/bed-bumper-toddler-bed-baby-bed-crib?ga_order=most_relevant&ga_search_type=all&ga_view_type=gallery&ga_search_query=crib+buffer+snake&ref=sr_gallery-1-25&organic_search_click=1,₪,67.00,₪,66.60
https://www.etsy.com/il-en/listing/640478768/bumper-cover-only-47-6-and-79-diameter?ga_order=most_relevant&ga_search_type=all&ga_view_type=gallery&ga_search_query=crib+buffer+snake&ref=sr_gallery-1-26&organic_search_click=1,₪,42.06,₪,24.54
https://www.etsy.com/il-en/listing/563724978/snake-pillow-bed-bumper-pillow-toddler?ga_order=most_relevant&ga_search_type=all&ga_view_type=gallery&ga_search_query=crib+buffer+snake&ref=sr_gallery-1-27&organic_search_click=1,₪,52.58,₪,63.09
https://www.etsy.com/il-en/listing/606658260/floor-bed-toddler-bumpers-bed-twin-bed?ga_order=most_relevant&ga_search_type=all&ga_view_type=gallery&ga_search_query=crib+buffer+snake&ref=sr_gallery-1-28&organic_search_click=1,₪,52.58,₪,63.09
https://www.etsy.com/il-en/listing/578992743/baby-bed-bumper-crib-bumper-cot-bumper?ga_order=most_relevant&ga_search_type=all&ga_view_type=gallery&ga_search_query=crib+buffer+snake&ref=sr_gallery-1-29&organic_search_click=1&col=1,₪,52.58,₪,63.09
https://www.etsy.com/il-en/listing/847882987/bed-snake-leaves-fox-mint-anthracite?ga_order=most_relevant&ga_search_type=all&ga_view_type=gallery&ga_search_query=crib+buffer+snake&ref=sr_gallery-1-30&organic_search_click=1&cns=1,₪,160.98,₪,66.56
https://www.etsy.com/il-en/listing/805592315/kookoolon-organic-cotton-bumper-snake?ga_order=most_relevant&ga_search_type=all&ga_view_type=gallery&ga_search_query=crib+buffer+snake&ref=sr_gallery-1-31&organic_search_click=1&frs=1&col=1,₪,199.00,,
https://www.etsy.com/il-en/listing/630127830/bed-bumper-toddler-bed-baby-bed-crib?ga_order=most_relevant&ga_search_type=all&ga_view_type=gallery&ga_search_query=crib+buffer+snake&ref=sr_gallery-1-32&organic_search_click=1,₪,38.99,₪,66.60
https://www.etsy.com/il-en/listing/737348881/waffle-bumpers-toddler-twin-queen-size?ga_order=most_relevant&ga_search_type=all&ga_view_type=gallery&ga_search_query=crib+buffer+snake&ref=sr_gallery-1-33&organic_search_click=1&col=1,₪,84.12,₪,63.09
https://www.etsy.com/il-en/listing/671091970/bed-bumper-toddler-bed-baby-bed-crib?ga_order=most_relevant&ga_search_type=all&ga_view_type=gallery&ga_search_query=crib+buffer+snake&ref=sr_gallery-1-34&organic_search_click=1,₪,38.99,₪,66.60
https://www.etsy.com/il-en/listing/672204762/golden-bumpers-toddler-twin-queen-size?ga_order=most_relevant&ga_search_type=all&ga_view_type=gallery&ga_search_query=crib+buffer+snake&ref=sr_gallery-1-35&organic_search_click=1&col=1,₪,77.11,₪,63.09
https://www.etsy.com/il-en/listing/721941492/waffle-fabric-snake-pillow-baby-bed?ga_order=most_relevant&ga_search_type=all&ga_view_type=gallery&ga_search_query=crib+buffer+snake&ref=sr_gallery-1-36&organic_search_click=1&col=1,₪,70.10,₪,63.09
https://www.etsy.com/il-en/listing/660596074/bed-bumpers-custom-order-bed-bumpers?ga_order=most_relevant&ga_search_type=all&ga_view_type=gallery&ga_search_query=crib+buffer+snake&ref=sr_gallery-1-37&organic_search_click=1,₪,52.58,₪,91.13
https://www.etsy.com/il-en/listing/697098741/plush-snake-toy-snake-pillow-bed-snake?ga_order=most_relevant&ga_search_type=all&ga_view_type=gallery&ga_search_query=crib+buffer+snake&ref=sr_gallery-1-38&organic_search_click=1,₪,239.00,₪,63.09
https://www.etsy.com/il-en/listing/553043341/snake-pillow-baby-bed-bumper-crib-cot?ga_order=most_relevant&ga_search_type=all&ga_view_type=gallery&ga_search_query=crib+buffer+snake&ref=sr_gallery-1-39&organic_search_click=1,₪,45.57,₪,63.09
https://www.etsy.com/il-en/listing/575207228/79-or-20cm-diameter-bolster-pillows-bed?ga_order=most_relevant&ga_search_type=all&ga_view_type=gallery&ga_search_query=crib+buffer+snake&ref=sr_gallery-1-40&organic_search_click=1,₪,84.12,₪,87.63
https://www.etsy.com/il-en/listing/548178396/snake-pillow-bed-bumper-pillow-toddler?ga_order=most_relevant&ga_search_type=all&ga_view_type=gallery&ga_search_query=crib+buffer+snake&ref=sr_gallery-1-41&organic_search_click=1&col=1,₪,52.58,₪,63.09
https://www.etsy.com/il-en/listing/666975691/bed-bumper-toddler-bed-baby-bed-crib?ga_order=most_relevant&ga_search_type=all&ga_view_type=gallery&ga_search_query=crib+buffer+snake&ref=sr_gallery-1-42&organic_search_click=1,₪,67.00,₪,66.60
https://www.etsy.com/il-en/listing/657143149/bed-bumper-toddler-bed-bolster-pillow?ga_order=most_relevant&ga_search_type=all&ga_view_type=gallery&ga_search_query=crib+buffer+snake&ref=sr_gallery-1-43&organic_search_click=1,₪,67.00,₪,66.60
https://www.etsy.com/il-en/listing/250059677/funky-toy-snake?ga_order=most_relevant&ga_search_type=all&ga_view_type=gallery&ga_search_query=crib+buffer+snake&ref=sr_gallery-1-44&organic_search_click=1,₪,41.60,₪,41.60
https://www.etsy.com/il-en/listing/766571974/shabby-chic-bedsnake-with-roses-and?ga_order=most_relevant&ga_search_type=all&ga_view_type=gallery&ga_search_query=crib+buffer+snake&ref=sr_gallery-1-45&organic_search_click=1&frs=1,₪,176.00,,
https://www.etsy.com/il-en/listing/608878592/white-crib-bumber-snake-pillow-custom?ga_order=most_relevant&ga_search_type=all&ga_view_type=gallery&ga_search_query=crib+buffer+snake&ref=sr_gallery-1-46&organic_search_click=1&pro=1&frs=1,,,,
https://www.etsy.com/il-en/listing/643319386/custom-bed-bumper-toddler-bed-baby-bed?ga_order=most_relevant&ga_search_type=all&ga_view_type=gallery&ga_search_query=crib+buffer+snake&ref=sr_gallery-1-47&organic_search_click=1,₪,67.00,₪,66.60
https://www.etsy.com/il-en/listing/589961483/custom-order-for-samantha-s?ga_order=most_relevant&ga_search_type=all&ga_view_type=gallery&ga_search_query=crib+buffer+snake&ref=sr_gallery-1-48&organic_search_click=1&frs=1,₪,105.15,,
https://www.etsy.com/il-en/listing/719423321/bed-bumpers-custom-order-bed-bumpers?ga_order=most_relevant&ga_search_type=all&ga_view_type=gallery&ga_search_query=crib+buffer+snake&ref=sr_gallery-1-49&organic_search_click=1,₪,52.58,₪,91.13
https://www.etsy.com/il-en/listing/658499404/baby-crib-bumper-snake-pillow-for-us?ga_order=most_relevant&ga_search_type=all&ga_view_type=gallery&ga_search_query=crib+buffer+snake&ref=sr_gallery-1-50&organic_search_click=1&pro=1&frs=1,,,,
https://www.etsy.com/il-en/listing/774001778/braided-crib-bumper-crib-snake?ga_order=most_relevant&ga_search_type=all&ga_view_type=gallery&ga_search_query=crib+buffer+snake&ref=sr_gallery-1-51&organic_search_click=1&pro=1&frs=1&col=1,,,,
https://www.etsy.com/il-en/listing/458357798/snake-pillow-crib-snake-pillow-black-and?ga_order=most_relevant&ga_search_type=all&ga_view_type=gallery&ga_search_query=crib+buffer+snake&ref=sr_gallery-1-52&organic_search_click=1,₪,151.00,₪,63.09
https://www.etsy.com/il-en/listing/767665094/black-and-white-bedsnake-with-stars-and?ga_order=most_relevant&ga_search_type=all&ga_view_type=gallery&ga_search_query=crib+buffer+snake&ref=sr_gallery-1-53&organic_search_click=1&frs=1,₪,176.00,,
https://www.etsy.com/il-en/listing/621001734/set-of-4-bumpers-for-2852-or-2855-bed?ga_order=most_relevant&ga_search_type=all&ga_view_type=gallery&ga_search_query=crib+buffer+snake&ref=sr_gallery-1-54&organic_search_click=1&col=1,₪,262.88,₪,136.70
https://www.etsy.com/il-en/listing/735572289/liloudesign-handmade-gift-baby-pillow?ga_order=most_relevant&ga_search_type=all&ga_view_type=gallery&ga_search_query=crib+buffer+snake&ref=sr_gallery-1-55&organic_search_click=1&pro=1,,,₪,62.40
https://www.etsy.com/il-en/listing/786120326/braided-crib-bumper-cot-bumper?ga_order=most_relevant&ga_search_type=all&ga_view_type=gallery&ga_search_query=crib+buffer+snake&ref=sr_gallery-1-56&organic_search_click=1&pro=1&col=1,,,₪,238.35
https://www.etsy.com/il-en/listing/572044549/waffle-bumpers-toddler-twin-queen-size?ga_order=most_relevant&ga_search_type=all&ga_view_type=gallery&ga_search_query=crib+buffer+snake&ref=sr_gallery-1-57&organic_search_click=1&col=1,₪,84.12,₪,63.09
https://www.etsy.com/il-en/listing/810069447/plush-snake-crib-bumper-cot-cushion?ga_order=most_relevant&ga_search_type=all&ga_view_type=gallery&ga_search_query=crib+buffer+snake&ref=sr_gallery-1-58&organic_search_click=1&col=1,₪,207.00,₪,133.19
https://www.etsy.com/il-en/listing/608815870/long-crib-bumper-pillow-snake-pillow?ga_order=most_relevant&ga_search_type=all&ga_view_type=gallery&ga_search_query=crib+buffer+snake&ref=sr_gallery-1-59&organic_search_click=1&pro=1&frs=1,,,,
https://www.etsy.com/il-en/listing/563494533/snake-pillow-bed-bumper-pillow-toddler?ga_order=most_relevant&ga_search_type=all&ga_view_type=gallery&ga_search_query=crib+buffer+snake&ref=sr_gallery-1-60&organic_search_click=1&col=1,₪,52.58,₪,63.09
,,,₪,63.09
,,,₪,63.09
,,,₪,63.09
,,,₪,63.09
,,,₪,63.09
,,,₪,63.09
,,,₪,63.09
,,,₪,63.09
,,,₪,63.09
,,,₪,63.09
,,,₪,63.09
,,,₪,63.09
,,,₪,63.09
,,,₪,63.09
,,,₪,63.09
https://www.etsy.com/il-en/listing/774001778/braided-crib-bumper-crib-snake?ga_order=most_relevant&ga_search_type=all&ga_view_type=gallery&ga_search_query=crib+buffer+snake&ref=sr_gallery-2-1&organic_search_click=1&pro=1&frs=1&col=1,,,,
https://www.etsy.com/il-en/listing/589961483/custom-order-for-samantha-s?ga_order=most_relevant&ga_search_type=all&ga_view_type=gallery&ga_search_query=crib+buffer+snake&ref=sr_gallery-2-2&organic_search_click=1&frs=1,₪,105.15,,
https://www.etsy.com/il-en/listing/658499404/baby-crib-bumper-snake-pillow-for-us?ga_order=most_relevant&ga_search_type=all&ga_view_type=gallery&ga_search_query=crib+buffer+snake&ref=sr_gallery-2-3&organic_search_click=1&pro=1&frs=1,,,,
https://www.etsy.com/il-en/listing/767665094/black-and-white-bedsnake-with-stars-and?ga_order=most_relevant&ga_search_type=all&ga_view_type=gallery&ga_search_query=crib+buffer+snake&ref=sr_gallery-2-4&organic_search_click=1&frs=1,₪,175.22,,
https://www.etsy.com/il-en/listing/735572289/liloudesign-handmade-gift-baby-pillow?ga_order=most_relevant&ga_search_type=all&ga_view_type=gallery&ga_search_query=crib+buffer+snake&ref=sr_gallery-2-5&organic_search_click=1&pro=1,,,₪,62.40
https://www.etsy.com/il-en/listing/458357798/snake-pillow-crib-snake-pillow-black-and?ga_order=most_relevant&ga_search_type=all&ga_view_type=gallery&ga_search_query=crib+buffer+snake&ref=sr_gallery-2-6&organic_search_click=1,₪,150.72,₪,63.09
https://www.etsy.com/il-en/listing/572044549/waffle-bumpers-toddler-twin-queen-size?ga_order=most_relevant&ga_search_type=all&ga_view_type=gallery&ga_search_query=crib+buffer+snake&ref=sr_gallery-2-7&organic_search_click=1&col=1,₪,84.12,₪,63.09
https://www.etsy.com/il-en/listing/621001734/set-of-4-bumpers-for-2852-or-2855-bed?ga_order=most_relevant&ga_search_type=all&ga_view_type=gallery&ga_search_query=crib+buffer+snake&ref=sr_gallery-2-8&organic_search_click=1&col=1,₪,262.88,₪,136.70
https://www.etsy.com/il-en/listing/786120326/braided-crib-bumper-cot-bumper?ga_order=most_relevant&ga_search_type=all&ga_view_type=gallery&ga_search_query=crib+buffer+snake&ref=sr_gallery-2-9&organic_search_click=1&pro=1&col=1,,,₪,238.35
https://www.etsy.com/il-en/listing/810069447/plush-snake-crib-bumper-cot-cushion?ga_order=most_relevant&ga_search_type=all&ga_view_type=gallery&ga_search_query=crib+buffer+snake&ref=sr_gallery-2-10&organic_search_click=1&col=1,₪,206.80,₪,133.19
https://www.etsy.com/il-en/listing/563494533/snake-pillow-bed-bumper-pillow-toddler?ga_order=most_relevant&ga_search_type=all&ga_view_type=gallery&ga_search_query=crib+buffer+snake&ref=sr_gallery-2-11&organic_search_click=1&col=1,₪,52.58,₪,63.09
https://www.etsy.com/il-en/listing/608815870/long-crib-bumper-pillow-snake-pillow?ga_order=most_relevant&ga_search_type=all&ga_view_type=gallery&ga_search_query=crib+buffer+snake&ref=sr_gallery-2-12&organic_search_click=1&pro=1&frs=1,,,,
https://www.etsy.com/il-en/listing/764968369/beetlejuice-sandworm-pillow-montessori?ga_order=most_relevant&ga_search_type=all&ga_view_type=gallery&ga_search_query=crib+buffer+snake&ref=sr_gallery-2-13&organic_search_click=1&sca=1,₪,217.32,₪,101.65
https://www.etsy.com/il-en/listing/770070782/braided-crib-bumper-pads-pillow-sradle?ga_order=most_relevant&ga_search_type=all&ga_view_type=gallery&ga_search_query=crib+buffer+snake&ref=sr_gallery-2-14&organic_search_click=1&pro=1,,,₪,238.35
https://www.etsy.com/il-en/listing/598217369/waffle-cover-only-for-the-bolster-roller?ga_order=most_relevant&ga_search_type=all&ga_view_type=gallery&ga_search_query=crib+buffer+snake&ref=sr_gallery-2-15&organic_search_click=1&col=1,₪,56.08,₪,24.54
https://www.etsy.com/il-en/listing/646332797/baby-braided-crib-bumper-color-gray?ga_order=most_relevant&ga_search_type=all&ga_view_type=gallery&ga_search_query=crib+buffer+snake&ref=sr_gallery-2-16&organic_search_click=1&pro=1,,,₪,238.35
https://www.etsy.com/il-en/listing/539494144/snake-pillow-bed-bumper-pillow-toddler?ga_order=most_relevant&ga_search_type=all&ga_view_type=gallery&ga_search_query=crib+buffer+snake&ref=sr_gallery-2-17&organic_search_click=1,₪,52.58,₪,63.09
https://www.etsy.com/il-en/listing/685010447/snake-pillow-baby-bed-bumper-crib-cot?ga_order=most_relevant&ga_search_type=all&ga_view_type=gallery&ga_search_query=crib+buffer+snake&ref=sr_gallery-2-18&organic_search_click=1&col=1,₪,52.58,₪,63.09
https://www.etsy.com/il-en/listing/823479294/bed-snake-rainbow-cloud-grey-mint?ga_order=most_relevant&ga_search_type=all&ga_view_type=gallery&ga_search_query=crib+buffer+snake&ref=sr_gallery-2-19&organic_search_click=1,₪,160.98,₪,66.56
https://www.etsy.com/il-en/listing/783157121/braided-crib-bumper-mixed-colours-white?ga_order=most_relevant&ga_search_type=all&ga_view_type=gallery&ga_search_query=crib+buffer+snake&ref=sr_gallery-2-20&organic_search_click=1,₪,178.76,₪,238.35
https://www.etsy.com/il-en/listing/838022813/cot-bassinet-crib-baby-bed-bumper?ga_order=most_relevant&ga_search_type=all&ga_view_type=gallery&ga_search_query=crib+buffer+snake&ref=sr_gallery-2-21&organic_search_click=1,₪,202.10,₪,51.16
https://www.etsy.com/il-en/listing/638465145/cover-only-47-6-and-79-diameter-bumper?ga_order=most_relevant&ga_search_type=all&ga_view_type=gallery&ga_search_query=crib+buffer+snake&ref=sr_gallery-2-22&organic_search_click=1,₪,42.06,₪,24.54
https://www.etsy.com/il-en/listing/682375506/bed-bumpers-with-elastic-custom-order?ga_order=most_relevant&ga_search_type=all&ga_view_type=gallery&ga_search_query=crib+buffer+snake&ref=sr_gallery-2-23&organic_search_click=1&cns=1,₪,63.09,₪,91.13
https://www.etsy.com/il-en/listing/783982529/braided-crib-bumper-pads-pillow-sradle?ga_order=most_relevant&ga_search_type=all&ga_view_type=gallery&ga_search_query=crib+buffer+snake&ref=sr_gallery-2-24&organic_search_click=1,₪,69.40,₪,238.35
https://www.etsy.com/il-en/listing/722208837/baby-bumpers-for-crib-braided-crib?ga_order=most_relevant&ga_search_type=all&ga_view_type=gallery&ga_search_query=crib+buffer+snake&ref=sr_gallery-2-25&organic_search_click=1&col=1,₪,92.53,₪,238.35
https://www.etsy.com/il-en/listing/697225918/bed-bumpers-custom-order-bed-bumpers?ga_order=most_relevant&ga_search_type=all&ga_view_type=gallery&ga_search_query=crib+buffer+snake&ref=sr_gallery-2-26&organic_search_click=1,₪,52.58,₪,91.13
https://www.etsy.com/il-en/listing/684561303/bed-bumper-toddler-bed-baby-bed-crib?ga_order=most_relevant&ga_search_type=all&ga_view_type=gallery&ga_search_query=crib+buffer+snake&ref=sr_gallery-2-27&organic_search_click=1,₪,73.61,₪,66.60
https://www.etsy.com/il-en/listing/601779057/dragon-bed-bumper-newborn-bumper-green?ga_order=most_relevant&ga_search_type=all&ga_view_type=gallery&ga_search_query=crib+buffer+snake&ref=sr_gallery-2-28&organic_search_click=1,₪,140.20,₪,63.09
https://www.etsy.com/il-en/listing/683430321/bed-bumpers-custom-order-bed-bumpers?ga_order=most_relevant&ga_search_type=all&ga_view_type=gallery&ga_search_query=crib+buffer+snake&ref=sr_gallery-2-29&organic_search_click=1,₪,52.58,₪,91.13
https://www.etsy.com/il-en/listing/693686033/golden-bumpers-toddler-twin-queen-size?ga_order=most_relevant&ga_search_type=all&ga_view_type=gallery&ga_search_query=crib+buffer+snake&ref=sr_gallery-2-30&organic_search_click=1&col=1,₪,77.11,₪,63.09
https://www.etsy.com/il-en/listing/662005177/braided-crib-bumper-baby-crib-bumper?ga_order=most_relevant&ga_search_type=all&ga_view_type=gallery&ga_search_query=crib+buffer+snake&ref=sr_gallery-2-31&organic_search_click=1&col=1,₪,199.79,₪,238.35
https://www.etsy.com/il-en/listing/639378238/snake-pillow-cover-only-custom-color-bed?ga_order=most_relevant&ga_search_type=all&ga_view_type=gallery&ga_search_query=crib+buffer+snake&ref=sr_gallery-2-32&organic_search_click=1&frs=1,₪,56.08,,
https://www.etsy.com/il-en/listing/765716268/free-shipping-adventure-crib-bumper?ga_order=most_relevant&ga_search_type=all&ga_view_type=gallery&ga_search_query=crib+buffer+snake&ref=sr_gallery-2-33&organic_search_click=1&frs=1,₪,332.98,,
https://www.etsy.com/il-en/listing/734618920/zebra-bed-bumper-pillow-cartoon-baby?ga_order=most_relevant&ga_search_type=all&ga_view_type=gallery&ga_search_query=crib+buffer+snake&ref=sr_gallery-2-34&organic_search_click=1,₪,196.25,₪,31.55
https://www.etsy.com/il-en/listing/609805175/summer-toddler-bumpers-bed-twin-bed?ga_order=most_relevant&ga_search_type=all&ga_view_type=gallery&ga_search_query=crib+buffer+snake&ref=sr_gallery-2-35&organic_search_click=1,₪,59.59,₪,63.09
https://www.etsy.com/il-en/listing/669610753/set-of-4-bumpers-for-2852-or-2855-bed?ga_order=most_relevant&ga_search_type=all&ga_view_type=gallery&ga_search_query=crib+buffer+snake&ref=sr_gallery-2-36&organic_search_click=1&col=1,₪,45.57,₪,136.70
https://www.etsy.com/il-en/listing/814722753/mint-and-brown-nursery-bedsnake-with?ga_order=most_relevant&ga_search_type=all&ga_view_type=gallery&ga_search_query=crib+buffer+snake&ref=sr_gallery-2-37&organic_search_click=1&frs=1,₪,175.22,,
https://www.etsy.com/il-en/listing/648323194/snake-pillow-bed-bumper-pillow-single?ga_order=most_relevant&ga_search_type=all&ga_view_type=gallery&ga_search_query=crib+buffer+snake&ref=sr_gallery-2-38&organic_search_click=1,₪,52.58,₪,63.09
https://www.etsy.com/il-en/listing/651588833/bed-snake-monochrome-bumper-baby-bedding?ga_order=most_relevant&ga_search_type=all&ga_view_type=gallery&ga_search_query=crib+buffer+snake&ref=sr_gallery-2-39&organic_search_click=1&cns=1,₪,186.69,₪,87.54
https://www.etsy.com/il-en/listing/806284221/roses-and-dreamcatcher-bedsnake-boho?ga_order=most_relevant&ga_search_type=all&ga_view_type=gallery&ga_search_query=crib+buffer+snake&ref=sr_gallery-2-40&organic_search_click=1&frs=1,₪,175.22,,
https://www.etsy.com/il-en/listing/674088051/llama-pillow-crib-bumper-llama-llama?ga_order=most_relevant&ga_search_type=all&ga_view_type=gallery&ga_search_query=crib+buffer+snake&ref=sr_gallery-2-41&organic_search_click=1,₪,150.72,₪,63.09
https://www.etsy.com/il-en/listing/645449940/braided-crib-bumper-baby-bed-bumper?ga_order=most_relevant&ga_search_type=all&ga_view_type=gallery&ga_search_query=crib+buffer+snake&ref=sr_gallery-2-42&organic_search_click=1&pro=1&col=1,,,₪,238.35
https://www.etsy.com/il-en/listing/682528971/zebra-bumper-safari-baby-shower-toddler?ga_order=most_relevant&ga_search_type=all&ga_view_type=gallery&ga_search_query=crib+buffer+snake&ref=sr_gallery-2-43&organic_search_click=1&cns=1,₪,143.18,₪,101.65
https://www.etsy.com/il-en/listing/778537895/bed-bumpers-custom-order-bed-bumpers?ga_order=most_relevant&ga_search_type=all&ga_view_type=gallery&ga_search_query=crib+buffer+snake&ref=sr_gallery-2-44&organic_search_click=1&cns=1,₪,52.58,₪,91.13
https://www.etsy.com/il-en/listing/826121036/round-bed-snake-for-the-baby-room?ga_order=most_relevant&ga_search_type=all&ga_view_type=gallery&ga_search_query=crib+buffer+snake&ref=sr_gallery-2-45&organic_search_click=1&frs=1,₪,187.15,,
https://www.etsy.com/il-en/listing/853960601/braided-crib-bumper-baby-bed-bumper?ga_order=most_relevant&ga_search_type=all&ga_view_type=gallery&ga_search_query=crib+buffer+snake&ref=sr_gallery-2-46&organic_search_click=1&pro=1&col=1,,,₪,238.35
https://www.etsy.com/il-en/listing/723626708/bed-bumpers-custom-order-bed-bumpers?ga_order=most_relevant&ga_search_type=all&ga_view_type=gallery&ga_search_query=crib+buffer+snake&ref=sr_gallery-2-47&organic_search_click=1,₪,52.58,₪,91.13
https://www.etsy.com/il-en/listing/773038785/bedsnake-tulips-flowers-waffle-lpique?ga_order=most_relevant&ga_search_type=all&ga_view_type=gallery&ga_search_query=crib+buffer+snake&ref=sr_gallery-2-48&organic_search_click=1&cns=1,₪,160.98,₪,66.56
,,,₪,66.56
,,,₪,66.56
,,,₪,66.56
,,,₪,66.56
,,,₪,66.56
,,,₪,66.56
,,,₪,66.56
,,,₪,66.56
,,,₪,66.56
,,,₪,66.56
,,,₪,66.56
,,,₪,66.56
https://www.etsy.com/il-en/listing/813631379/bed-snake-baby-cot?ga_order=most_relevant&ga_search_type=all&ga_view_type=gallery&ga_search_query=crib+buffer+snake&ref=sr_gallery-3-1&organic_search_click=1,₪,149.75,₪,20.80
https://www.etsy.com/il-en/listing/458357746/colourful-snake-crib-bumper-nursery-bed?ga_order=most_relevant&ga_search_type=all&ga_view_type=gallery&ga_search_query=crib+buffer+snake&ref=sr_gallery-3-2&organic_search_click=1,₪,150.72,₪,63.09
https://www.etsy.com/il-en/listing/644738094/set-of-2-crib-bumpers-bed-bumper-bolster?ga_order=most_relevant&ga_search_type=all&ga_view_type=gallery&ga_search_query=crib+buffer+snake&ref=sr_gallery-3-3&organic_search_click=1&col=1,₪,140.20,₪,63.09
https://www.etsy.com/il-en/listing/638278560/bed-snake-elephant-bumper-baby-bedding?ga_order=most_relevant&ga_search_type=all&ga_view_type=gallery&ga_search_query=crib+buffer+snake&ref=sr_gallery-3-4&organic_search_click=1&cns=1,₪,186.69,₪,87.54
https://www.etsy.com/il-en/listing/780438927/rustic-style-brown-and-grey-bedsnake?ga_order=most_relevant&ga_search_type=all&ga_view_type=gallery&ga_search_query=crib+buffer+snake&ref=sr_gallery-3-5&organic_search_click=1&frs=1,₪,175.22,,
https://www.etsy.com/il-en/listing/748483451/baby-unicorn-crown-bed-bumper-pillow?ga_order=most_relevant&ga_search_type=all&ga_view_type=gallery&ga_search_query=crib+buffer+snake&ref=sr_gallery-3-6&organic_search_click=1,₪,196.25,₪,31.55
https://www.etsy.com/il-en/listing/704971873/soft-crib-bamper-snake-pillow?ga_order=most_relevant&ga_search_type=all&ga_view_type=gallery&ga_search_query=crib+buffer+snake&ref=sr_gallery-3-7&organic_search_click=1&pro=1&frs=1,,,,
https://www.etsy.com/il-en/listing/730133736/braided-crib-bumper-decorative-pillow?ga_order=most_relevant&ga_search_type=all&ga_view_type=gallery&ga_search_query=crib+buffer+snake&ref=sr_gallery-3-8&organic_search_click=1&pro=1&col=1,,,₪,238.35
https://www.etsy.com/il-en/listing/804338777/crib-bumper-pads-crib-bumper-sets-cot?ga_order=most_relevant&ga_search_type=all&ga_view_type=gallery&ga_search_query=crib+buffer+snake&ref=sr_gallery-3-9&organic_search_click=1,₪,147.21,₪,63.09
https://www.etsy.com/il-en/listing/571356194/foxes-baby-bumper-crib-cot-toddler-bed?ga_order=most_relevant&ga_search_type=all&ga_view_type=gallery&ga_search_query=crib+buffer+snake&ref=sr_gallery-3-10&organic_search_click=1,₪,52.58,₪,63.09
https://www.etsy.com/il-en/listing/765751788/soft-blue-crib-bumper-organic-snake?ga_order=most_relevant&ga_search_type=all&ga_view_type=gallery&ga_search_query=crib+buffer+snake&ref=sr_gallery-3-11&organic_search_click=1&pro=1&frs=1,,,,
https://www.etsy.com/il-en/listing/593358539/waffle-fabric-cover-only-pillow-case-for?ga_order=most_relevant&ga_search_type=all&ga_view_type=gallery&ga_search_query=crib+buffer+snake&ref=sr_gallery-3-12&organic_search_click=1&col=1,₪,52.58,₪,24.54
https://www.etsy.com/il-en/listing/638801050/snake-pillow-bed-bumper-pillow-toddler?ga_order=most_relevant&ga_search_type=all&ga_view_type=gallery&ga_search_query=crib+buffer+snake&ref=sr_gallery-3-13&organic_search_click=1&pro=1,,,₪,87.63
https://www.etsy.com/il-en/listing/776381893/bed-bumpers-custom-order-bed-bumpers?ga_order=most_relevant&ga_search_type=all&ga_view_type=gallery&ga_search_query=crib+buffer+snake&ref=sr_gallery-3-14&organic_search_click=1,₪,52.58,₪,91.13
https://www.etsy.com/il-en/listing/849088003/bed-snake-redthroat-blue-old-pink?ga_order=most_relevant&ga_search_type=all&ga_view_type=gallery&ga_search_query=crib+buffer+snake&ref=sr_gallery-3-15&organic_search_click=1&cns=1,₪,160.98,₪,66.56
https://www.etsy.com/il-en/listing/779518213/baby-bumper-for-crib-braided-crib-bumper?ga_order=most_relevant&ga_search_type=all&ga_view_type=gallery&ga_search_query=crib+buffer+snake&ref=sr_gallery-3-16&organic_search_click=1,₪,210.30,₪,238.35
https://www.etsy.com/il-en/listing/841272272/bed-snake-forest-animals?ga_order=most_relevant&ga_search_type=all&ga_view_type=gallery&ga_search_query=crib+buffer+snake&ref=sr_gallery-3-17&organic_search_click=1&cns=1,₪,133.11,₪,41.18
https://www.etsy.com/il-en/listing/236948270/baby-bumper-stars-crib-bumper-snake?ga_order=most_relevant&ga_search_type=all&ga_view_type=gallery&ga_search_query=crib+buffer+snake&ref=sr_gallery-3-18&organic_search_click=1&frs=1,₪,245.36,,
https://www.etsy.com/il-en/listing/821219023/bed-snake-pillow-all-natural-filled-with?ga_order=most_relevant&ga_search_type=all&ga_view_type=gallery&ga_search_query=crib+buffer+snake&ref=sr_gallery-3-19&organic_search_click=1&frs=1,₪,678.23,,
https://www.etsy.com/il-en/listing/775124432/rustic-style-crib-bumper-cotton-bedsnake?ga_order=most_relevant&ga_search_type=all&ga_view_type=gallery&ga_search_query=crib+buffer+snake&ref=sr_gallery-3-20&organic_search_click=1&frs=1,₪,175.22,,
https://www.etsy.com/il-en/listing/754966184/bed-snake-with-jungle-animals-baby?ga_order=most_relevant&ga_search_type=all&ga_view_type=gallery&ga_search_query=crib+buffer+snake&ref=sr_gallery-3-21&organic_search_click=1&frs=1,₪,175.22,,
https://www.etsy.com/il-en/listing/771464940/free-shipping-snake-pillow-stars-crib?ga_order=most_relevant&ga_search_type=all&ga_view_type=gallery&ga_search_query=crib+buffer+snake&ref=sr_gallery-3-22&organic_search_click=1&frs=1,₪,178.76,,
https://www.etsy.com/il-en/listing/738725668/big-floor-bed-bumpers-montessori-bed?ga_order=most_relevant&ga_search_type=all&ga_view_type=gallery&ga_search_query=crib+buffer+snake&ref=sr_gallery-3-23&organic_search_click=1,₪,133.19,₪,101.65
https://www.etsy.com/il-en/listing/846431153/pdf-crib-dragon-diy-crib-bumper-how-to?ga_order=most_relevant&ga_search_type=all&ga_view_type=gallery&ga_search_query=crib+buffer+snake&ref=sr_gallery-3-24&organic_search_click=1,₪,15.77,,
https://www.etsy.com/il-en/listing/841269246/bed-snake-deer?ga_order=most_relevant&ga_search_type=all&ga_view_type=gallery&ga_search_query=crib+buffer+snake&ref=sr_gallery-3-25&organic_search_click=1&cns=1,₪,133.11,₪,41.18
https://www.etsy.com/il-en/listing/560555785/240cm-snake-pillow-free-pillow-bed?ga_order=most_relevant&ga_search_type=all&ga_view_type=gallery&ga_search_query=crib+buffer+snake&ref=sr_gallery-3-26&organic_search_click=1&pro=1,,,₪,87.63
https://www.etsy.com/il-en/listing/717323949/snake-pillow-for-us-crib?ga_order=most_relevant&ga_search_type=all&ga_view_type=gallery&ga_search_query=crib+buffer+snake&ref=sr_gallery-3-27&organic_search_click=1&pro=1&frs=1,,,,
https://www.etsy.com/il-en/listing/670051770/bed-bumper-toddler-bed-baby-bed-crib?ga_order=most_relevant&ga_search_type=all&ga_view_type=gallery&ga_search_query=crib+buffer+snake&ref=sr_gallery-3-28&organic_search_click=1,₪,52.58,₪,66.60
https://www.etsy.com/il-en/listing/849070479/giraffe-bumper-cushion-snake-pillow-bed?ga_order=most_relevant&ga_search_type=all&ga_view_type=gallery&ga_search_query=crib+buffer+snake&ref=sr_gallery-3-29&organic_search_click=1&frs=1,₪,168.07,,
https://www.etsy.com/il-en/listing/250138420/sunny-wood-snake?ga_order=most_relevant&ga_search_type=all&ga_view_type=gallery&ga_search_query=crib+buffer+snake&ref=sr_gallery-3-30&organic_search_click=1,₪,41.60,₪,29.12
https://www.etsy.com/il-en/listing/822338771/bed-snake-panda?ga_order=most_relevant&ga_search_type=all&ga_view_type=gallery&ga_search_query=crib+buffer+snake&ref=sr_gallery-3-31&organic_search_click=1,₪,133.11,₪,41.18
https://www.etsy.com/il-en/listing/822547569/theres-a-snake-in-my-boots-soft-sole?ga_order=most_relevant&ga_search_type=all&ga_view_type=gallery&ga_search_query=crib+buffer+snake&ref=sr_gallery-3-32&organic_search_click=1,₪,45.57,₪,54.33
https://www.etsy.com/il-en/listing/841635060/bed-snake-melon-strawberry-mint?ga_order=most_relevant&ga_search_type=all&ga_view_type=gallery&ga_search_query=crib+buffer+snake&ref=sr_gallery-3-33&organic_search_click=1,₪,160.98,₪,66.56
https://www.etsy.com/il-en/listing/648341411/braided-crib-bumper-baby-bed-bumper?ga_order=most_relevant&ga_search_type=all&ga_view_type=gallery&ga_search_query=crib+buffer+snake&ref=sr_gallery-3-34&organic_search_click=1,₪,161.23,₪,238.35
https://www.etsy.com/il-en/listing/159905617/little-cute-snake-amigurumi-crochet-toy?ga_order=most_relevant&ga_search_type=all&ga_view_type=gallery&ga_search_query=crib+buffer+snake&ref=sr_gallery-3-35&organic_search_click=1&col=1,₪,103.40,₪,10.52
https://www.etsy.com/il-en/listing/726347123/baby-bumper-crib-bumper-pad-gender?ga_order=most_relevant&ga_search_type=all&ga_view_type=gallery&ga_search_query=crib+buffer+snake&ref=sr_gallery-3-36&organic_search_click=1,₪,245.36,₪,52.58
https://www.etsy.com/il-en/listing/746790254/free-shipping-snake-bumper-pillow-stars?ga_order=most_relevant&ga_search_type=all&ga_view_type=gallery&ga_search_query=crib+buffer+snake&ref=sr_gallery-3-37&organic_search_click=1&frs=1,₪,224.33,,
https://www.etsy.com/il-en/listing/563990471/bed-bumper-pillow-for-crib-or-toddler?ga_order=most_relevant&ga_search_type=all&ga_view_type=gallery&ga_search_query=crib+buffer+snake&ref=sr_gallery-3-38&organic_search_click=1,₪,52.58,₪,63.09
https://www.etsy.com/il-en/listing/66798319/quilt-pattern-snake-charmer-crib-quilt?ga_order=most_relevant&ga_search_type=all&ga_view_type=gallery&ga_search_query=crib+buffer+snake&ref=sr_gallery-3-39&organic_search_click=1&pro=1,,,,
https://www.etsy.com/il-en/listing/263614151/baby-snake-bed-bumper-for-baby-crib-or?ga_order=most_relevant&ga_search_type=all&ga_view_type=gallery&ga_search_query=crib+buffer+snake&ref=sr_gallery-3-40&organic_search_click=1,₪,192.78,₪,28.04
https://www.etsy.com/il-en/listing/695110815/snake-pillow-crocodile-green-crib-bumper?ga_order=most_relevant&ga_search_type=all&ga_view_type=gallery&ga_search_query=crib+buffer+snake&ref=sr_gallery-3-41&organic_search_click=1&frs=1,₪,229.58,,
https://www.etsy.com/il-en/listing/516999704/handmade-baby-snake-bumper-pillow-for?ga_order=most_relevant&ga_search_type=all&ga_view_type=gallery&ga_search_query=crib+buffer+snake&ref=sr_gallery-3-42&organic_search_click=1&frs=1&cns=1,₪,339.99,,
https://www.etsy.com/il-en/listing/569298895/cute-penguins-developmental-soft-toy?ga_order=most_relevant&ga_search_type=all&ga_view_type=gallery&ga_search_query=crib+buffer+snake&ref=sr_gallery-3-43&organic_search_click=1&frs=1&cns=1,₪,265.00,,
https://www.etsy.com/il-en/listing/641956348/pink-snake-pillow-crib-bumper-large?ga_order=most_relevant&ga_search_type=all&ga_view_type=gallery&ga_search_query=crib+buffer+snake&ref=sr_gallery-3-44&organic_search_click=1&pro=1&frs=1,,,,
https://www.etsy.com/il-en/listing/641478749/baby-nest-bed-babynest-newborn-co?ga_order=most_relevant&ga_search_type=all&ga_view_type=gallery&ga_search_query=crib+buffer+snake&ref=sr_gallery-3-45&organic_search_click=1&pro=1&frs=1,,,,
https://www.etsy.com/il-en/listing/641474754/black-baby-snake-pillow-bolster-pillow?ga_order=most_relevant&ga_search_type=all&ga_view_type=gallery&ga_search_query=crib+buffer+snake&ref=sr_gallery-3-46&organic_search_click=1&pro=1&frs=1,,,,
https://www.etsy.com/il-en/listing/271048684/baby-snake-bed-bumper-for-baby-crib-or?ga_order=most_relevant&ga_search_type=all&ga_view_type=gallery&ga_search_query=crib+buffer+snake&ref=sr_gallery-3-47&organic_search_click=1,₪,192.78,₪,28.04
https://www.etsy.com/il-en/listing/777697770/baby-crib-set-baby-shower-pillows-sheet?ga_order=most_relevant&ga_search_type=all&ga_view_type=gallery&ga_search_query=crib+buffer+snake&ref=sr_gallery-3-48&organic_search_click=1&frs=1,₪,788.64,,
,,,,
,,,,
,,,,
,,,,
,,,,
,,,,
,,,,
,,,,
,,,,
,,,,
,,,,
,,,,
https://www.etsy.com/il-en/listing/713987532/free-shipping-snake-bumper-pillow-crib?ga_order=most_relevant&ga_search_type=all&ga_view_type=gallery&ga_search_query=crib+buffer+snake&ref=sr_gallery-4-1&organic_search_click=1&frs=1,₪,224.33,,
https://www.etsy.com/il-en/listing/600371464/baby-size-dock-a-tot-baby-nest-toddler?ga_order=most_relevant&ga_search_type=all&ga_view_type=gallery&ga_search_query=crib+buffer+snake&ref=sr_gallery-4-2&organic_search_click=1&pro=1&frs=1,,,,
https://www.etsy.com/il-en/listing/627380467/plush-snake-bumper-snake-roller-house?ga_order=most_relevant&ga_search_type=all&ga_view_type=gallery&ga_search_query=crib+buffer+snake&ref=sr_gallery-4-3&organic_search_click=1,₪,182.26,₪,63.09
https://www.etsy.com/il-en/listing/290267033/sale-baby-crib-bumper-baby-bumper-baby?ga_order=most_relevant&ga_search_type=all&ga_view_type=gallery&ga_search_query=crib+buffer+snake&ref=sr_gallery-4-4&organic_search_click=1,₪,199.79,₪,26.29
https://www.etsy.com/il-en/listing/754581378/green-star-child-necklace-circle-pendant?ga_order=most_relevant&ga_search_type=all&ga_view_type=gallery&ga_search_query=crib+buffer+snake&ref=sr_gallery-4-5&organic_search_click=1&col=1,₪,68.35,₪,14.02
https://www.etsy.com/il-en/listing/622678985/crib-bumper-snake-pillow-crib?ga_order=most_relevant&ga_search_type=all&ga_view_type=gallery&ga_search_query=crib+buffer+snake&ref=sr_gallery-4-6&organic_search_click=1&pro=1&frs=1,,,,
https://www.etsy.com/il-en/listing/491332327/snake-stuffed-fleece-snake-snake-toy?ga_order=most_relevant&ga_search_type=all&ga_view_type=gallery&ga_search_query=crib+buffer+snake&ref=sr_gallery-4-7&organic_search_click=1&cns=1,₪,129.69,₪,45.57
https://www.etsy.com/il-en/listing/735064580/free-shipping-snake-pillow-woodland-pink?ga_order=most_relevant&ga_search_type=all&ga_view_type=gallery&ga_search_query=crib+buffer+snake&ref=sr_gallery-4-8&organic_search_click=1&frs=1,₪,224.33,,
https://www.etsy.com/il-en/listing/696942095/snake-pillow-crib-bumper-baby-bed-bumper?ga_order=most_relevant&ga_search_type=all&ga_view_type=gallery&ga_search_query=crib+buffer+snake&ref=sr_gallery-4-9&organic_search_click=1,₪,168.24,₪,28.04
https://www.etsy.com/il-en/listing/758015644/free-shipping-snake-bumper-pillow-ready?ga_order=most_relevant&ga_search_type=all&ga_view_type=gallery&ga_search_query=crib+buffer+snake&ref=sr_gallery-4-10&organic_search_click=1&frs=1,₪,224.33,,
https://www.etsy.com/il-en/listing/673605417/bed-snake-nesting-breastfeeding-cushions?ga_order=most_relevant&ga_search_type=all&ga_view_type=gallery&ga_search_query=crib+buffer+snake&ref=sr_gallery-4-11&organic_search_click=1,₪,112.31,₪,83.19
https://www.etsy.com/il-en/listing/670052672/bed-bumper-toddler-bed-baby-bed-crib?ga_order=most_relevant&ga_search_type=all&ga_view_type=gallery&ga_search_query=crib+buffer+snake&ref=sr_gallery-4-12&organic_search_click=1,₪,66.60,₪,59.59
https://www.etsy.com/il-en/listing/689584732/bed-bumpers-custom-order-bed-bumpers?ga_order=most_relevant&ga_search_type=all&ga_view_type=gallery&ga_search_query=crib+buffer+snake&ref=sr_gallery-4-13&organic_search_click=1,₪,52.58,₪,91.13
https://www.etsy.com/il-en/listing/673604651/bed-snake-nesting-breastfeeding-cushions?ga_order=most_relevant&ga_search_type=all&ga_view_type=gallery&ga_search_query=crib+buffer+snake&ref=sr_gallery-4-14&organic_search_click=1,₪,112.31,₪,83.19
https://www.etsy.com/il-en/listing/779514265/braided-crib-bumper-baby-bed-bumper?ga_order=most_relevant&ga_search_type=all&ga_view_type=gallery&ga_search_query=crib+buffer+snake&ref=sr_gallery-4-15&organic_search_click=1&pro=1,,,₪,238.35
https://www.etsy.com/il-en/listing/731872130/bed-bumpers-custom-order-bed-bumpers?ga_order=most_relevant&ga_search_type=all&ga_view_type=gallery&ga_search_query=crib+buffer+snake&ref=sr_gallery-4-16&organic_search_click=1,₪,52.58,₪,91.13
https://www.etsy.com/il-en/listing/640684911/crib-bumpers-baby-bed-bumper-snake?ga_order=most_relevant&ga_search_type=all&ga_view_type=gallery&ga_search_query=crib+buffer+snake&ref=sr_gallery-4-17&organic_search_click=1,₪,168.24,₪,28.04
https://www.etsy.com/il-en/listing/706477566/six-strand-braided-cot-bumber-express?ga_order=most_relevant&ga_search_type=all&ga_view_type=gallery&ga_search_query=crib+buffer+snake&ref=sr_gallery-4-18&organic_search_click=1&col=1,₪,124.79,₪,124.79
https://www.etsy.com/il-en/listing/814724509/rabbits-family-bedsnake-mom-and-baby?ga_order=most_relevant&ga_search_type=all&ga_view_type=gallery&ga_search_query=crib+buffer+snake&ref=sr_gallery-4-19&organic_search_click=1&frs=1,₪,175.22,,
https://www.etsy.com/il-en/listing/809625513/bed-bumpers-custom-order-bed-bumpers?ga_order=most_relevant&ga_search_type=all&ga_view_type=gallery&ga_search_query=crib+buffer+snake&ref=sr_gallery-4-20&organic_search_click=1,₪,52.58,₪,91.13
https://www.etsy.com/il-en/listing/758210698/free-shipping-snake-bumper-white-pique?ga_order=most_relevant&ga_search_type=all&ga_view_type=gallery&ga_search_query=crib+buffer+snake&ref=sr_gallery-4-21&organic_search_click=1&frs=1,₪,185.77,,
https://www.etsy.com/il-en/listing/732736062/swaddle-blanket-zoo-animals-on-white?ga_order=most_relevant&ga_search_type=all&ga_view_type=gallery&ga_search_query=crib+buffer+snake&ref=sr_gallery-4-22&organic_search_click=1&pro=1,,,₪,48.30
https://www.etsy.com/il-en/listing/511055475/little-snake-developmental-soft-toy-cute?ga_order=most_relevant&ga_search_type=all&ga_view_type=gallery&ga_search_query=crib+buffer+snake&ref=sr_gallery-4-23&organic_search_click=1&frs=1,₪,220.00,,
https://www.etsy.com/il-en/listing/779871027/gray-snake-pillow-cotton-bid-bolster?ga_order=most_relevant&ga_search_type=all&ga_view_type=gallery&ga_search_query=crib+buffer+snake&ref=sr_gallery-4-24&organic_search_click=1&pro=1&frs=1,,,,
https://www.etsy.com/il-en/listing/584907054/bed-bumper-baby-crib-bumper-nursery?ga_order=most_relevant&ga_search_type=all&ga_view_type=gallery&ga_search_query=crib+buffer+snake&ref=sr_gallery-4-25&organic_search_click=1&frs=1,₪,178.76,,
https://www.etsy.com/il-en/listing/810318196/baby-bumper-gift-for-nursery-baby-boy?ga_order=most_relevant&ga_search_type=all&ga_view_type=gallery&ga_search_query=crib+buffer+snake&ref=sr_gallery-4-26&organic_search_click=1&pro=1&frs=1&col=1,,,,
https://www.etsy.com/il-en/listing/827303958/crib-bumper-baby-bed-bumper-snake-pillow?ga_order=most_relevant&ga_search_type=all&ga_view_type=gallery&ga_search_query=crib+buffer+snake&ref=sr_gallery-4-27&organic_search_click=1,₪,168.24,₪,28.04
https://www.etsy.com/il-en/listing/546358904/baby-snake-bed-bumper-for-baby-crib-or?ga_order=most_relevant&ga_search_type=all&ga_view_type=gallery&ga_search_query=crib+buffer+snake&ref=sr_gallery-4-28&organic_search_click=1,₪,192.78,₪,28.04
https://www.etsy.com/il-en/listing/289342785/black-and-white-bed-bumper-pillow-for?ga_order=most_relevant&ga_search_type=all&ga_view_type=gallery&ga_search_query=crib+buffer+snake&ref=sr_gallery-4-29&organic_search_click=1&pro=1&frs=1&col=1,,,,
https://www.etsy.com/il-en/listing/687832930/bed-bumper-toddler-bed-baby-bed-crib?ga_order=most_relevant&ga_search_type=all&ga_view_type=gallery&ga_search_query=crib+buffer+snake&ref=sr_gallery-4-30&organic_search_click=1,₪,52.58,₪,66.60
https://www.etsy.com/il-en/listing/604567296/crib-bumper-bumper-pillow-baby-bumper?ga_order=most_relevant&ga_search_type=all&ga_view_type=gallery&ga_search_query=crib+buffer+snake&ref=sr_gallery-4-31&organic_search_click=1,₪,160.00,₪,25.00
https://www.etsy.com/il-en/listing/606169680/crib-bumper-baby-bed-bumper-snake-pillow?ga_order=most_relevant&ga_search_type=all&ga_view_type=gallery&ga_search_query=crib+buffer+snake&ref=sr_gallery-4-32&organic_search_click=1,₪,168.24,₪,28.04
https://www.etsy.com/il-en/listing/538894019/snake-pillow-crib-bumper-cot-bumper-baby?ga_order=most_relevant&ga_search_type=all&ga_view_type=gallery&ga_search_query=crib+buffer+snake&ref=sr_gallery-4-33&organic_search_click=1&frs=1,₪,245.36,,
https://www.etsy.com/il-en/listing/257424126/gray-bed-bumper-for-crib-or-toddler-beds?ga_order=most_relevant&ga_search_type=all&ga_view_type=gallery&ga_search_query=crib+buffer+snake&ref=sr_gallery-4-34&organic_search_click=1&pro=1&frs=1&col=1,,,,
https://www.etsy.com/il-en/listing/600355323/snake-pillow-baby-crib-bumper?ga_order=most_relevant&ga_search_type=all&ga_view_type=gallery&ga_search_query=crib+buffer+snake&ref=sr_gallery-4-35&organic_search_click=1,₪,200.00,₪,35.00
https://www.etsy.com/il-en/listing/734619106/bed-bumper-pillow-cartoon-black-spot-dog?ga_order=most_relevant&ga_search_type=all&ga_view_type=gallery&ga_search_query=crib+buffer+snake&ref=sr_gallery-4-36&organic_search_click=1,₪,196.25,₪,31.55
https://www.etsy.com/il-en/listing/604178145/set-of-4-bumpers-for-3163-toddler-size?ga_order=most_relevant&ga_search_type=all&ga_view_type=gallery&ga_search_query=crib+buffer+snake&ref=sr_gallery-4-37&organic_search_click=1&col=1,₪,315.46,₪,136.70
https://www.etsy.com/il-en/listing/648909141/bed-bumperbed-bumper-catpink-bumper-baby?ga_order=most_relevant&ga_search_type=all&ga_view_type=gallery&ga_search_query=crib+buffer+snake&ref=sr_gallery-4-38&organic_search_click=1&cns=1,₪,70.10,₪,35.05
https://www.etsy.com/il-en/listing/729895354/crib-bumpers-baby-bed-bumper-white-and?ga_order=most_relevant&ga_search_type=all&ga_view_type=gallery&ga_search_query=crib+buffer+snake&ref=sr_gallery-4-39&organic_search_click=1&cns=1,₪,168.24,₪,28.04
https://www.etsy.com/il-en/listing/230046227/jungle-animals-tiger-snake-parrot-baby?ga_order=most_relevant&ga_search_type=all&ga_view_type=gallery&ga_search_query=crib+buffer+snake&ref=sr_gallery-4-40&organic_search_click=1,₪,135.39,₪,18.67
https://www.etsy.com/il-en/listing/552839571/cute-baby-prince-fox-sheep-snake-pdf?ga_order=most_relevant&ga_search_type=all&ga_view_type=gallery&ga_search_query=crib+buffer+snake&ref=sr_gallery-4-41&organic_search_click=1&pro=1,,,,
https://www.etsy.com/il-en/listing/726639587/snake-pillowbaby-bed-bumperbaby-crib?ga_order=most_relevant&ga_search_type=all&ga_view_type=gallery&ga_search_query=crib+buffer+snake&ref=sr_gallery-4-42&organic_search_click=1&col=1,₪,185.77,₪,87.63
https://www.etsy.com/il-en/listing/530784567/baby-snake-bed-bumper-for-baby-crib-or?ga_order=most_relevant&ga_search_type=all&ga_view_type=gallery&ga_search_query=crib+buffer+snake&ref=sr_gallery-4-43&organic_search_click=1,₪,192.78,₪,28.04
https://www.etsy.com/il-en/listing/597644920/set-of-4-bumpers-for-3163-toddler-size?ga_order=most_relevant&ga_search_type=all&ga_view_type=gallery&ga_search_query=crib+buffer+snake&ref=sr_gallery-4-44&organic_search_click=1&col=1,₪,315.46,₪,136.70
https://www.etsy.com/il-en/listing/291037247/bed-bumper-pillow-for-crib-or-toddler?ga_order=most_relevant&ga_search_type=all&ga_view_type=gallery&ga_search_query=crib+buffer+snake&ref=sr_gallery-4-45&organic_search_click=1&pro=1&frs=1&col=1,,,,
https://www.etsy.com/il-en/listing/712786660/free-shipping-snake-bumper-pillow-bed?ga_order=most_relevant&ga_search_type=all&ga_view_type=gallery&ga_search_query=crib+buffer+snake&ref=sr_gallery-4-46&organic_search_click=1&frs=1,₪,224.33,,
https://www.etsy.com/il-en/listing/546359084/baby-snake-bed-bumper-for-baby-crib-or?ga_order=most_relevant&ga_search_type=all&ga_view_type=gallery&ga_search_query=crib+buffer+snake&ref=sr_gallery-4-47&organic_search_click=1,₪,192.78,₪,28.04
https://www.etsy.com/il-en/listing/734619278/bed-bumper-pillow-red-cartoon-stitching?ga_order=most_relevant&ga_search_type=all&ga_view_type=gallery&ga_search_query=crib+buffer+snake&ref=sr_gallery-4-48&organic_search_click=1,₪,196.25,₪,31.55
,,,₪,31.55
,,,₪,31.55
,,,₪,31.55
,,,₪,31.55
,,,₪,31.55
,,,₪,31.55
,,,₪,31.55
,,,₪,31.55
,,,₪,31.55
,,,₪,31.55
,,,₪,31.55
,,,₪,31.55
https://www.etsy.com/il-en/listing/804014362/cactus-mobile-cactus-nursery-desert?ga_order=most_relevant&ga_search_type=all&ga_view_type=gallery&ga_search_query=crib+buffer+snake&ref=sr_gallery-5-1&organic_search_click=1&frs=1,₪,289.22,,
https://www.etsy.com/il-en/listing/766234784/free-shipping-snake-bumper-bed-bumper?ga_order=most_relevant&ga_search_type=all&ga_view_type=gallery&ga_search_query=crib+buffer+snake&ref=sr_gallery-5-2&organic_search_click=1&frs=1,₪,225.00,,
https://www.etsy.com/il-en/listing/275452204/snake-bumper-girls-bed-decor-pink-gray?ga_order=most_relevant&ga_search_type=all&ga_view_type=gallery&ga_search_query=crib+buffer+snake&ref=sr_gallery-5-3&organic_search_click=1&pro=1&frs=1&col=1,,,,
https://www.etsy.com/il-en/listing/645074006/snake-pillow-unicorn-brawn-crib-bumper?ga_order=most_relevant&ga_search_type=all&ga_view_type=gallery&ga_search_query=crib+buffer+snake&ref=sr_gallery-5-4&organic_search_click=1&frs=1,₪,229.58,,
https://www.etsy.com/il-en/listing/735524995/custom-crib-protection-bumper-montessori?ga_order=most_relevant&ga_search_type=all&ga_view_type=gallery&ga_search_query=crib+buffer+snake&ref=sr_gallery-5-5&organic_search_click=1&col=1,₪,70.00,₪,101.65
https://www.etsy.com/il-en/listing/537629008/woodland-nursery-baby-crib-mobile?ga_order=most_relevant&ga_search_type=all&ga_view_type=gallery&ga_search_query=crib+buffer+snake&ref=sr_gallery-5-6&organic_search_click=1&pro=1&frs=1,,,,
https://www.etsy.com/il-en/listing/691119191/bed-bumpers-custom-order-bed-bumpers?ga_order=most_relevant&ga_search_type=all&ga_view_type=gallery&ga_search_query=crib+buffer+snake&ref=sr_gallery-5-7&organic_search_click=1,₪,52.58,₪,91.13
https://www.etsy.com/il-en/listing/659763670/bed-snake-nesting-breastfeeding-cushions?ga_order=most_relevant&ga_search_type=all&ga_view_type=gallery&ga_search_query=crib+buffer+snake&ref=sr_gallery-5-8&organic_search_click=1,₪,112.31,₪,83.19
https://www.etsy.com/il-en/listing/789239773/monochrome-crib-bumper-black-and-white?ga_order=most_relevant&ga_search_type=all&ga_view_type=gallery&ga_search_query=crib+buffer+snake&ref=sr_gallery-5-9&organic_search_click=1&frs=1,₪,176.00,,
https://www.etsy.com/il-en/listing/775358232/flamingo-crib-protection-roller-tropical?ga_order=most_relevant&ga_search_type=all&ga_view_type=gallery&ga_search_query=crib+buffer+snake&ref=sr_gallery-5-10&organic_search_click=1&frs=1,₪,176.00,,
https://www.etsy.com/il-en/listing/241902068/baby-bumper-boy-room-decor-bumper-baby?ga_order=most_relevant&ga_search_type=all&ga_view_type=gallery&ga_search_query=crib+buffer+snake&ref=sr_gallery-5-11&organic_search_click=1&frs=1&col=1,₪,203.29,,
https://www.etsy.com/il-en/listing/802568123/baby-crib-set-baby-gift-baby-shower?ga_order=most_relevant&ga_search_type=all&ga_view_type=gallery&ga_search_query=crib+buffer+snake&ref=sr_gallery-5-12&organic_search_click=1&frs=1,₪,788.64,,
https://www.etsy.com/il-en/listing/529802063/crib-bumperbaby-bed-bumper-snake-pillow?ga_order=most_relevant&ga_search_type=all&ga_view_type=gallery&ga_search_query=crib+buffer+snake&ref=sr_gallery-5-13&organic_search_click=1&frs=1,₪,52.58,,
https://www.etsy.com/il-en/listing/791587939/baby-crib-set-baby-shower-pillows-sheet?ga_order=most_relevant&ga_search_type=all&ga_view_type=gallery&ga_search_query=crib+buffer+snake&ref=sr_gallery-5-14&organic_search_click=1&frs=1&cns=1,₪,788.64,,
https://www.etsy.com/il-en/listing/801056166/free-shipping-snake-pillow-pink-black?ga_order=most_relevant&ga_search_type=all&ga_view_type=gallery&ga_search_query=crib+buffer+snake&ref=sr_gallery-5-15&organic_search_click=1&frs=1,₪,225.00,,
https://www.etsy.com/il-en/listing/258668902/crochet-baby-shoes-pink-baby-boots?ga_order=most_relevant&ga_search_type=all&ga_view_type=gallery&ga_search_query=crib+buffer+snake&ref=sr_gallery-5-16&organic_search_click=1,₪,96.00,₪,24.96
https://www.etsy.com/il-en/listing/495043105/little-snake-developmental-soft-toy-cute?ga_order=most_relevant&ga_search_type=all&ga_view_type=gallery&ga_search_query=crib+buffer+snake&ref=sr_gallery-5-17&organic_search_click=1&frs=1&cns=1,₪,210.00,,
https://www.etsy.com/il-en/listing/487778170/colorful-baby-bumper-crib-snake-pillow?ga_order=most_relevant&ga_search_type=all&ga_view_type=gallery&ga_search_query=crib+buffer+snake&ref=sr_gallery-5-18&organic_search_click=1,₪,165.00,₪,28.04
https://www.etsy.com/il-en/listing/511058929/little-snake-developmental-soft-toy-cute?ga_order=most_relevant&ga_search_type=all&ga_view_type=gallery&ga_search_query=crib+buffer+snake&ref=sr_gallery-5-19&organic_search_click=1&frs=1,₪,220.00,,
https://www.etsy.com/il-en/listing/787933007/shabby-chic-crib-bumper-pink-roses-on?ga_order=most_relevant&ga_search_type=all&ga_view_type=gallery&ga_search_query=crib+buffer+snake&ref=sr_gallery-5-20&organic_search_click=1&frs=1,₪,176.00,,
https://www.etsy.com/il-en/listing/781428580/hawaiian-baby-shower-gift-pink-flaminfo?ga_order=most_relevant&ga_search_type=all&ga_view_type=gallery&ga_search_query=crib+buffer+snake&ref=sr_gallery-5-21&organic_search_click=1&frs=1,₪,176.00,,
https://www.etsy.com/il-en/listing/659762938/bed-snake-nesting-breastfeeding-cushions?ga_order=most_relevant&ga_search_type=all&ga_view_type=gallery&ga_search_query=crib+buffer+snake&ref=sr_gallery-5-22&organic_search_click=1,₪,112.31,₪,83.19
https://www.etsy.com/il-en/listing/264241972/baby-snake-bed-bumper-for-baby-crib-or?ga_order=most_relevant&ga_search_type=all&ga_view_type=gallery&ga_search_query=crib+buffer+snake&ref=sr_gallery-5-23&organic_search_click=1,₪,192.78,₪,28.04
https://www.etsy.com/il-en/listing/759128568/baby-bumper-baby-shower-gift-crib-bumper?ga_order=most_relevant&ga_search_type=all&ga_view_type=gallery&ga_search_query=crib+buffer+snake&ref=sr_gallery-5-24&organic_search_click=1,₪,245.36,₪,52.58
https://www.etsy.com/il-en/listing/832906897/free-shipping-snake-pillow-bumper?ga_order=most_relevant&ga_search_type=all&ga_view_type=gallery&ga_search_query=crib+buffer+snake&ref=sr_gallery-5-25&organic_search_click=1&frs=1,₪,256.00,,
https://www.etsy.com/il-en/listing/605197389/toddler-size-10040-cm-removable-mattress?ga_order=most_relevant&ga_search_type=all&ga_view_type=gallery&ga_search_query=crib+buffer+snake&ref=sr_gallery-5-26&organic_search_click=1&pro=1&frs=1,,,,
https://www.etsy.com/il-en/listing/659764618/bed-snake-nesting-breastfeeding-cushions?ga_order=most_relevant&ga_search_type=all&ga_view_type=gallery&ga_search_query=crib+buffer+snake&ref=sr_gallery-5-27&organic_search_click=1,₪,112.31,₪,83.19
https://www.etsy.com/il-en/listing/258167858/newborn-snake-pillow-baby-bumper-for?ga_order=most_relevant&ga_search_type=all&ga_view_type=gallery&ga_search_query=crib+buffer+snake&ref=sr_gallery-5-28&organic_search_click=1,₪,165.00,₪,28.04
https://www.etsy.com/il-en/listing/530784275/baby-snake-bed-bumper-for-baby-crib-or?ga_order=most_relevant&ga_search_type=all&ga_view_type=gallery&ga_search_query=crib+buffer+snake&ref=sr_gallery-5-29&organic_search_click=1,₪,192.78,₪,28.04
https://www.etsy.com/il-en/listing/778348364/baby-crib-set-teddy-bear-baby-shower?ga_order=most_relevant&ga_search_type=all&ga_view_type=gallery&ga_search_query=crib+buffer+snake&ref=sr_gallery-5-30&organic_search_click=1&frs=1&cns=1,₪,788.64,,
https://www.etsy.com/il-en/listing/266355355/newborn-snake-pillow-stars-baby-bumper?ga_order=most_relevant&ga_search_type=all&ga_view_type=gallery&ga_search_query=crib+buffer+snake&ref=sr_gallery-5-31&organic_search_click=1,₪,165.00,₪,24.54
https://www.etsy.com/il-en/listing/295087179/snake-bumper-organic-crib-bumper?ga_order=most_relevant&ga_search_type=all&ga_view_type=gallery&ga_search_query=crib+buffer+snake&ref=sr_gallery-5-32&organic_search_click=1&frs=1,₪,287.42,,
https://www.etsy.com/il-en/listing/563139540/newborn-set-nordic-toy-snake-mushroom?ga_order=most_relevant&ga_search_type=all&ga_view_type=gallery&ga_search_query=crib+buffer+snake&ref=sr_gallery-5-33&organic_search_click=1,₪,103.99,₪,27.04
https://www.etsy.com/il-en/listing/578332855/baby-snake-pillow-grey-roll-pillow?ga_order=most_relevant&ga_search_type=all&ga_view_type=gallery&ga_search_query=crib+buffer+snake&ref=sr_gallery-5-34&organic_search_click=1&frs=1,₪,245.36,,
https://www.etsy.com/il-en/listing/555534740/white-bed-bumper-developmental-soft-toy?ga_order=most_relevant&ga_search_type=all&ga_view_type=gallery&ga_search_query=crib+buffer+snake&ref=sr_gallery-5-35&organic_search_click=1&frs=1,₪,265.00,,
https://www.etsy.com/il-en/listing/631094257/giraffe-chicken-leather-puffs-with-names?ga_order=most_relevant&ga_search_type=all&ga_view_type=gallery&ga_search_query=crib+buffer+snake&ref=sr_gallery-5-36&organic_search_click=1,₪,117.00,₪,24.54
https://www.etsy.com/il-en/listing/609290926/crib-bumper-baby-bed-bumper-pink-and?ga_order=most_relevant&ga_search_type=all&ga_view_type=gallery&ga_search_query=crib+buffer+snake&ref=sr_gallery-5-37&organic_search_click=1,₪,168.24,₪,28.04
https://www.etsy.com/il-en/listing/511055867/little-snake-developmental-soft-toy-cute?ga_order=most_relevant&ga_search_type=all&ga_view_type=gallery&ga_search_query=crib+buffer+snake&ref=sr_gallery-5-38&organic_search_click=1&frs=1,₪,220.00,,
https://www.etsy.com/il-en/listing/640340617/crib-bumper-filled-with-buckwheat-hulls?ga_order=most_relevant&ga_search_type=all&ga_view_type=gallery&ga_search_query=crib+buffer+snake&ref=sr_gallery-5-39&organic_search_click=1,₪,271.00,₪,91.51
https://www.etsy.com/il-en/listing/725943233/bedsnake-long?ga_order=most_relevant&ga_search_type=all&ga_view_type=gallery&ga_search_query=crib+buffer+snake&ref=sr_gallery-5-40&organic_search_click=1,₪,291.18,₪,58.19
https://www.etsy.com/il-en/listing/640502564/double-sided-babynest-baby-nest-baby?ga_order=most_relevant&ga_search_type=all&ga_view_type=gallery&ga_search_query=crib+buffer+snake&ref=sr_gallery-5-41&organic_search_click=1&pro=1&frs=1,,,,
https://www.etsy.com/il-en/listing/653577112/unicorn-crib-bumper-snake-pillow-blue?ga_order=most_relevant&ga_search_type=all&ga_view_type=gallery&ga_search_query=crib+buffer+snake&ref=sr_gallery-5-42&organic_search_click=1&frs=1,₪,229.58,,
https://www.etsy.com/il-en/listing/759130246/bumper-pillow-blue-bed-bumper-baby-boy?ga_order=most_relevant&ga_search_type=all&ga_view_type=gallery&ga_search_query=crib+buffer+snake&ref=sr_gallery-5-43&organic_search_click=1,₪,245.36,₪,52.58
https://www.etsy.com/il-en/listing/820831577/blue-baby-pillow-baby-boy-shower-gift?ga_order=most_relevant&ga_search_type=all&ga_view_type=gallery&ga_search_query=crib+buffer+snake&ref=sr_gallery-5-44&organic_search_click=1&pro=1&frs=1&col=1,,,,
https://www.etsy.com/il-en/listing/771185876/bed-snake-bed-bumpers-custom-order-bed?ga_order=most_relevant&ga_search_type=all&ga_view_type=gallery&ga_search_query=crib+buffer+snake&ref=sr_gallery-5-45&organic_search_click=1,₪,175.22,₪,17.53
https://www.etsy.com/il-en/listing/779817636/baby-crib-set-pink-gift-baby-shower?ga_order=most_relevant&ga_search_type=all&ga_view_type=gallery&ga_search_query=crib+buffer+snake&ref=sr_gallery-5-46&organic_search_click=1&frs=1,₪,788.64,,
https://www.etsy.com/il-en/listing/614388916/crib-bumper-snake-pillow-baby-crib?ga_order=most_relevant&ga_search_type=all&ga_view_type=gallery&ga_search_query=crib+buffer+snake&ref=sr_gallery-5-47&organic_search_click=1&frs=1&cns=1&col=1,₪,212.00,,
https://www.etsy.com/il-en/listing/257910184/baby-bumper-bed-green-gray-pillow-for?ga_order=most_relevant&ga_search_type=all&ga_view_type=gallery&ga_search_query=crib+buffer+snake&ref=sr_gallery-5-48&organic_search_click=1&pro=1&frs=1&col=1,,,,
,,,,
,,,,
,,,,
,,,,
,,,,
,,,,
,,,,
,,,,
,,,,
,,,,
,,,,
,,,,
https://www.etsy.com/il-en/listing/826174813/baby-bumper-baby-pillow-baby-shower-gift?ga_order=most_relevant&ga_search_type=all&ga_view_type=gallery&ga_search_query=crib+buffer+snake&ref=sr_gallery-6-1&organic_search_click=1&pro=1&frs=1&col=1,,,,
https://www.etsy.com/il-en/listing/562462903/whale-baby-showerwhale-giftcute-bed?ga_order=most_relevant&ga_search_type=all&ga_view_type=gallery&ga_search_query=crib+buffer+snake&ref=sr_gallery-6-2&organic_search_click=1&frs=1,₪,220.00,,
https://www.etsy.com/il-en/listing/628906638/tummy-time-quilt-spectacle-flourish-in?ga_order=most_relevant&ga_search_type=all&ga_view_type=gallery&ga_search_query=crib+buffer+snake&ref=sr_gallery-6-3&organic_search_click=1&pro=1,,,₪,122.68
https://www.etsy.com/il-en/listing/620078303/snake-pillowbaby-crib-bumperbaby-cotbed?ga_order=most_relevant&ga_search_type=all&ga_view_type=gallery&ga_search_query=crib+buffer+snake&ref=sr_gallery-6-4&organic_search_click=1&frs=1,₪,375.00,,
https://www.etsy.com/il-en/listing/80505417/crochet-hedgehog?ga_order=most_relevant&ga_search_type=all&ga_view_type=gallery&ga_search_query=crib+buffer+snake&ref=sr_gallery-6-5&organic_search_click=1,₪,88.00,₪,42.06
https://www.etsy.com/il-en/listing/785710477/4-applique-quilt-blocks-ufo-to-finish-6?ga_order=most_relevant&ga_search_type=all&ga_view_type=gallery&ga_search_query=crib+buffer+snake&ref=sr_gallery-6-6&organic_search_click=1,₪,25.99,₪,17.17
https://www.etsy.com/il-en/listing/799867860/baby-shoes-in-vegan-leather-and-faux-fur?ga_order=most_relevant&ga_search_type=all&ga_view_type=gallery&ga_search_query=crib+buffer+snake&ref=sr_gallery-6-7&organic_search_click=1,₪,107.38,₪,44.35
https://www.etsy.com/il-en/listing/555496196/mint-green-bed-bumpercot-bumperbaby?ga_order=most_relevant&ga_search_type=all&ga_view_type=gallery&ga_search_query=crib+buffer+snake&ref=sr_gallery-6-8&organic_search_click=1&frs=1,₪,265.00,,
https://www.etsy.com/il-en/listing/555497364/mint-nursery-decor-bed-bumperbaby-shower?ga_order=most_relevant&ga_search_type=all&ga_view_type=gallery&ga_search_query=crib+buffer+snake&ref=sr_gallery-6-9&organic_search_click=1&frs=1&cns=1,₪,265.00,,
https://www.etsy.com/il-en/listing/555531228/gray-flamingos-bed-bumperbaby-shower?ga_order=most_relevant&ga_search_type=all&ga_view_type=gallery&ga_search_query=crib+buffer+snake&ref=sr_gallery-6-10&organic_search_click=1&frs=1,₪,265.00,,
https://www.etsy.com/il-en/listing/569294187/mint-bed-bumper-developmental-soft-toy?ga_order=most_relevant&ga_search_type=all&ga_view_type=gallery&ga_search_query=crib+buffer+snake&ref=sr_gallery-6-11&organic_search_click=1&frs=1,₪,265.00,,
https://www.etsy.com/il-en/listing/717166712/blue-ocean-sea-with-rust-orange-octopus?ga_order=most_relevant&ga_search_type=all&ga_view_type=gallery&ga_search_query=crib+buffer+snake&ref=sr_gallery-6-12&organic_search_click=1,₪,277.00,₪,92.11
https://www.etsy.com/il-en/listing/548665514/beige-baby-cot-bumpercute-bed-bumperbaby?ga_order=most_relevant&ga_search_type=all&ga_view_type=gallery&ga_search_query=crib+buffer+snake&ref=sr_gallery-6-13&organic_search_click=1&frs=1,₪,220.00,,
https://www.etsy.com/il-en/listing/592524627/cow-boy-lap-quilt-cowboy-lap-quilt?ga_order=most_relevant&ga_search_type=all&ga_view_type=gallery&ga_search_query=crib+buffer+snake&ref=sr_gallery-6-14&organic_search_click=1,₪,886.00,₪,26.29
https://www.etsy.com/il-en/listing/555499598/monochrome-bed-bumperbaby-shower-gift?ga_order=most_relevant&ga_search_type=all&ga_view_type=gallery&ga_search_query=crib+buffer+snake&ref=sr_gallery-6-15&organic_search_click=1&frs=1,₪,265.00,,
https://www.etsy.com/il-en/listing/813747543/baby-shoes-vegan-leather-and-faux-fur?ga_order=most_relevant&ga_search_type=all&ga_view_type=gallery&ga_search_query=crib+buffer+snake&ref=sr_gallery-6-16&organic_search_click=1,₪,107.38,₪,44.35
https://www.etsy.com/il-en/listing/778048056/baby-crib-set-baby-shower-pillows-sheet?ga_order=most_relevant&ga_search_type=all&ga_view_type=gallery&ga_search_query=crib+buffer+snake&ref=sr_gallery-6-17&organic_search_click=1&frs=1,₪,788.64,,
https://www.etsy.com/il-en/listing/569298133/baby-girl-bed-bumperbaby-shower-gift?ga_order=most_relevant&ga_search_type=all&ga_view_type=gallery&ga_search_query=crib+buffer+snake&ref=sr_gallery-6-18&organic_search_click=1&frs=1,₪,265.00,,
https://www.etsy.com/il-en/listing/230026692/0022-offset-vibrations-quilt-pattern?ga_order=most_relevant&ga_search_type=all&ga_view_type=gallery&ga_search_query=crib+buffer+snake&ref=sr_gallery-6-19&organic_search_click=1,₪,31.55,,
,,,,
,,,,
,,,,
,,,,
,,,,
,,,,
,,,,
,,,,
,,,,
,,,,
,,,,
,,,,
,,,,
,,,,
,,,,
